{"v":"5.5.7","meta":{"g":"LottieFiles AE 0.1.20","a":"","k":"","d":"","tc":""},"fr":24,"ip":0,"op":80,"w":1920,"h":600,"nm":"Test bg","ddd":0,"assets":[{"id":"comp_0","layers":[{"ddd":0,"ind":2,"ty":4,"nm":"Group 14","sr":1,"ks":{"o":{"a":0,"k":100,"ix":11},"r":{"a":1,"k":[{"i":{"x":[0.5],"y":[1]},"o":{"x":[0.5],"y":[0]},"t":-15,"s":[-14.014]},{"t":25,"s":[-10.014]}],"ix":10,"x":"var $bm_rt;\n$bm_rt = loopOut('pingpong');"},"p":{"a":0,"k":[806.663,1380.789,0],"ix":2},"a":{"a":0,"k":[604.755,335.58,0],"ix":1},"s":{"a":0,"k":[197.756,197.756,100],"ix":6}},"ao":0,"ef":[{"ty":5,"nm":"CC Bend It","np":7,"mn":"CC Bend It","ix":1,"en":1,"ef":[{"ty":0,"nm":"Bend","mn":"CC Bend It-0001","ix":1,"v":{"a":1,"k":[{"i":{"x":[0.5],"y":[1]},"o":{"x":[0.5],"y":[0]},"t":-5,"s":[-5]},{"t":35,"s":[5]}],"ix":1,"x":"var $bm_rt;\n$bm_rt = loopOut('pingpong');"}},{"ty":3,"nm":"Start","mn":"CC Bend It-0002","ix":2,"v":{"a":0,"k":[872,1494],"ix":2}},{"ty":3,"nm":"End","mn":"CC Bend It-0003","ix":3,"v":{"a":0,"k":[664,900],"ix":3}},{"ty":7,"nm":"Render Prestart","mn":"CC Bend It-0004","ix":4,"v":{"a":0,"k":3,"ix":4}},{"ty":7,"nm":"Distort","mn":"CC Bend It-0005","ix":5,"v":{"a":0,"k":1,"ix":5}}]}],"shapes":[{"ty":"gr","it":[{"ty":"gr","it":[{"ind":0,"ty":"sh","ix":1,"ks":{"a":0,"k":{"i":[[-0.062,0.448],[-2.05,19.705],[0,45.923],[4.212,0],[0.935,-0.293],[3.988,-35.743],[0,-8.214],[-3.933,-22.131],[-4.49,-15.508],[-1.632,-4.964],[-0.192,-0.574],[0,0]],"o":[[2.705,-19.161],[5.592,-54.012],[0,-24.348],[-0.99,0],[-14.935,4.896],[-1.157,10.431],[0,20.667],[2.873,16.247],[1.493,5.146],[0.191,0.582],[0,0],[0.062,-0.444]],"v":[[9.861,119.586],[16.987,61.085],[25.618,-93.251],[8.479,-120.919],[5.607,-120.459],[-23.846,-37.454],[-25.618,-8.935],[-19.467,56.078],[-8.326,104.023],[-3.625,119.195],[-3.05,120.919],[9.674,120.919]],"c":true},"ix":2},"nm":"Path 1","mn":"ADBE Vector Shape - Group","hd":false},{"ty":"fl","c":{"a":0,"k":[0,0.662745098039,0.564705882353,1],"ix":4},"o":{"a":0,"k":100,"ix":5},"r":1,"bm":0,"nm":"Fill 1","mn":"ADBE Vector Graphic - Fill","hd":false},{"ty":"tr","p":{"a":0,"k":[604.755,214.66],"ix":2},"a":{"a":0,"k":[0,0],"ix":1},"s":{"a":0,"k":[100,100],"ix":3},"r":{"a":0,"k":0,"ix":6},"o":{"a":0,"k":100,"ix":7},"sk":{"a":0,"k":0,"ix":4},"sa":{"a":0,"k":0,"ix":5},"nm":"Transform"}],"nm":"Group 10","np":2,"cix":2,"bm":0,"ix":2,"mn":"ADBE Vector Group","hd":false},{"ty":"tr","p":{"a":0,"k":[604.755,214.661],"ix":2},"a":{"a":0,"k":[604.755,214.661],"ix":1},"s":{"a":0,"k":[100,100],"ix":3},"r":{"a":0,"k":0,"ix":6},"o":{"a":0,"k":100,"ix":7},"sk":{"a":0,"k":0,"ix":4},"sa":{"a":0,"k":0,"ix":5},"nm":"Transform"}],"nm":"Group 14","np":2,"cix":2,"bm":0,"ix":1,"mn":"ADBE Vector Group","hd":false}],"ip":0,"op":240,"st":0,"bm":0},{"ddd":0,"ind":3,"ty":4,"nm":"Group 15","sr":1,"ks":{"o":{"a":0,"k":100,"ix":11},"r":{"a":1,"k":[{"i":{"x":[0.5],"y":[1]},"o":{"x":[0.5],"y":[0]},"t":-10,"s":[-18.014]},{"t":30,"s":[-14.014]}],"ix":10,"x":"var $bm_rt;\n$bm_rt = loopOut('pingpong');"},"p":{"a":0,"k":[793.231,1378.869,0],"ix":2},"a":{"a":0,"k":[597.217,335.58,0],"ix":1},"s":{"a":0,"k":[180,180,100],"ix":6}},"ao":0,"ef":[{"ty":5,"nm":"CC Bend It","np":7,"mn":"CC Bend It","ix":1,"en":1,"ef":[{"ty":0,"nm":"Bend","mn":"CC Bend It-0001","ix":1,"v":{"a":1,"k":[{"i":{"x":[0.5],"y":[1]},"o":{"x":[0.5],"y":[0]},"t":0,"s":[-8]},{"t":40,"s":[5]}],"ix":1,"x":"var $bm_rt;\n$bm_rt = loopOut('pingpong');"}},{"ty":3,"nm":"Start","mn":"CC Bend It-0002","ix":2,"v":{"a":0,"k":[864,1478],"ix":2}},{"ty":3,"nm":"End","mn":"CC Bend It-0003","ix":3,"v":{"a":0,"k":[522,1042],"ix":3}},{"ty":7,"nm":"Render Prestart","mn":"CC Bend It-0004","ix":4,"v":{"a":0,"k":3,"ix":4}},{"ty":7,"nm":"Distort","mn":"CC Bend It-0005","ix":5,"v":{"a":0,"k":1,"ix":5}}]}],"shapes":[{"ty":"gr","it":[{"ty":"gr","it":[{"ind":0,"ty":"sh","ix":1,"ks":{"a":0,"k":{"i":[[1.003,14.124],[16.86,35.854],[3.082,5.16],[12.593,0],[5.3,-3.947],[0.697,-0.641],[0,-16.526],[-19.697,-58.187],[0,0]],"o":[[-2.774,-38.811],[-2.482,-5.286],[-5.843,-9.776],[-7.015,0],[-0.753,0.557],[-7.46,6.792],[0,54.18],[0,0],[-1.211,-14.017]],"v":[[44.156,54.662],[20.407,-58.701],[12.082,-74.362],[-14.136,-96.926],[-32.893,-91.069],[-35.055,-89.271],[-47.215,-54.532],[27.283,96.926],[47.215,96.926]],"c":true},"ix":2},"nm":"Path 1","mn":"ADBE Vector Shape - Group","hd":false},{"ty":"fl","c":{"a":0,"k":[0,0.55,0.466776320514,1],"ix":4},"o":{"a":0,"k":100,"ix":5},"r":1,"bm":0,"nm":"Fill 1","mn":"ADBE Vector Graphic - Fill","hd":false},{"ty":"tr","p":{"a":0,"k":[560.502,238.654],"ix":2},"a":{"a":0,"k":[0,0],"ix":1},"s":{"a":0,"k":[100,100],"ix":3},"r":{"a":0,"k":0,"ix":6},"o":{"a":0,"k":100,"ix":7},"sk":{"a":0,"k":0,"ix":4},"sa":{"a":0,"k":0,"ix":5},"nm":"Transform"}],"nm":"Group 12","np":2,"cix":2,"bm":0,"ix":2,"mn":"ADBE Vector Group","hd":false},{"ty":"tr","p":{"a":0,"k":[560.502,238.654],"ix":2},"a":{"a":0,"k":[560.502,238.654],"ix":1},"s":{"a":0,"k":[100,100],"ix":3},"r":{"a":0,"k":0,"ix":6},"o":{"a":0,"k":100,"ix":7},"sk":{"a":0,"k":0,"ix":4},"sa":{"a":0,"k":0,"ix":5},"nm":"Transform"}],"nm":"Group 15","np":2,"cix":2,"bm":0,"ix":1,"mn":"ADBE Vector Group","hd":false}],"ip":-20,"op":246,"st":-20,"bm":0},{"ddd":0,"ind":4,"ty":4,"nm":"Group 13","sr":1,"ks":{"o":{"a":0,"k":100,"ix":11},"r":{"a":1,"k":[{"i":{"x":[0.833],"y":[1]},"o":{"x":[0.167],"y":[0]},"t":-20,"s":[-22.733]},{"t":20,"s":[-17.733]}],"ix":10,"x":"var $bm_rt;\n$bm_rt = loopOut('pingpong');"},"p":{"a":0,"k":[822.069,1375.38,0],"ix":2},"a":{"a":0,"k":[621.395,335.58,0],"ix":1},"s":{"a":0,"k":[180,180,100],"ix":6}},"ao":0,"ef":[{"ty":5,"nm":"CC Bend It","np":7,"mn":"CC Bend It","ix":1,"en":1,"ef":[{"ty":0,"nm":"Bend","mn":"CC Bend It-0001","ix":1,"v":{"a":1,"k":[{"i":{"x":[0.5],"y":[1]},"o":{"x":[0.5],"y":[0]},"t":-10,"s":[-4]},{"t":30,"s":[4]}],"ix":1,"x":"var $bm_rt;\n$bm_rt = loopOut('pingpong');"}},{"ty":3,"nm":"Start","mn":"CC Bend It-0002","ix":2,"v":{"a":0,"k":[824,1482],"ix":2}},{"ty":3,"nm":"End","mn":"CC Bend It-0003","ix":3,"v":{"a":0,"k":[866,996],"ix":3}},{"ty":7,"nm":"Render Prestart","mn":"CC Bend It-0004","ix":4,"v":{"a":0,"k":3,"ix":4}},{"ty":7,"nm":"Distort","mn":"CC Bend It-0005","ix":5,"v":{"a":0,"k":1,"ix":5}}]}],"shapes":[{"ty":"gr","it":[{"ty":"gr","it":[{"ind":0,"ty":"sh","ix":1,"ks":{"a":0,"k":{"i":[[3.222,3.626],[0.71,0.613],[6.122,0],[17.027,-53.691],[1.876,-14.926],[0,0],[0,35.064]],"o":[[-0.613,-0.697],[-3.919,-3.444],[-32.814,0],[-6.791,21.376],[0,0],[24.218,-83.314],[0,-4.336]],"v":[[52.875,-77.723],[50.896,-79.69],[35.54,-85.421],[-44.618,28.849],[-57.966,85.421],[-33.81,85.421],[57.966,-65.284]],"c":true},"ix":2},"nm":"Path 1","mn":"ADBE Vector Shape - Group","hd":false},{"ty":"fl","c":{"a":0,"k":[0,0.6,0.511242615943,1],"ix":4},"o":{"a":0,"k":100,"ix":5},"r":1,"bm":0,"nm":"Fill 1","mn":"ADBE Vector Graphic - Fill","hd":false},{"ty":"tr","p":{"a":0,"k":[666.36,250.159],"ix":2},"a":{"a":0,"k":[0,0],"ix":1},"s":{"a":0,"k":[100,100],"ix":3},"r":{"a":0,"k":0,"ix":6},"o":{"a":0,"k":100,"ix":7},"sk":{"a":0,"k":0,"ix":4},"sa":{"a":0,"k":0,"ix":5},"nm":"Transform"}],"nm":"Group 8","np":2,"cix":2,"bm":0,"ix":2,"mn":"ADBE Vector Group","hd":false},{"ty":"tr","p":{"a":0,"k":[666.36,250.159],"ix":2},"a":{"a":0,"k":[666.36,250.159],"ix":1},"s":{"a":0,"k":[100,100],"ix":3},"r":{"a":0,"k":0,"ix":6},"o":{"a":0,"k":100,"ix":7},"sk":{"a":0,"k":0,"ix":4},"sa":{"a":0,"k":0,"ix":5},"nm":"Transform"}],"nm":"Group 13","np":2,"cix":2,"bm":0,"ix":1,"mn":"ADBE Vector Group","hd":false}],"ip":0,"op":240,"st":0,"bm":0}]},{"id":"comp_1","layers":[{"ddd":0,"ind":2,"ty":4,"nm":"Group 3","sr":1,"ks":{"o":{"a":0,"k":100,"ix":11},"r":{"a":1,"k":[{"i":{"x":[0.5],"y":[1]},"o":{"x":[0.5],"y":[0]},"t":-20,"s":[9]},{"t":20,"s":[14]}],"ix":10,"x":"var $bm_rt;\n$bm_rt = loopOut('pingpong');"},"p":{"a":0,"k":[982.087,1281.042,0],"ix":2},"a":{"a":0,"k":[517.924,306.785,0],"ix":1},"s":{"a":0,"k":[260.738,260.738,100],"ix":6}},"ao":0,"ef":[{"ty":5,"nm":"CC Bend It","np":7,"mn":"CC Bend It","ix":1,"en":1,"ef":[{"ty":0,"nm":"Bend","mn":"CC Bend It-0001","ix":1,"v":{"a":1,"k":[{"i":{"x":[0.5],"y":[1]},"o":{"x":[0.5],"y":[0]},"t":0,"s":[-7]},{"t":40,"s":[5]}],"ix":1,"x":"var $bm_rt;\n$bm_rt = loopOut('pingpong');"}},{"ty":3,"nm":"Start","mn":"CC Bend It-0002","ix":2,"v":{"a":0,"k":[510,324],"ix":2,"x":"var $bm_rt;\n$bm_rt = toComp(value);"}},{"ty":3,"nm":"End","mn":"CC Bend It-0003","ix":3,"v":{"a":0,"k":[436,84],"ix":3,"x":"var $bm_rt;\n$bm_rt = toComp(value);"}},{"ty":7,"nm":"Render Prestart","mn":"CC Bend It-0004","ix":4,"v":{"a":0,"k":3,"ix":4}},{"ty":7,"nm":"Distort","mn":"CC Bend It-0005","ix":5,"v":{"a":0,"k":1,"ix":5}}]}],"shapes":[{"ty":"gr","it":[{"ind":0,"ty":"sh","ix":1,"ks":{"a":0,"k":{"i":[[4.704,20.125],[-1.908,15.121],[0,14.962],[3.473,0],[0.766,-2.698],[0,-12.742],[-0.53,-3.289],[0.18,-10.143],[9.364,27.089],[1.388,5.631],[7.115,-1.753],[-1.077,-4.369],[-1.168,-2.069],[-5.589,-0.888],[-5.955,-22.872],[7.337,7.84],[14.458,0.465],[0,-1.094],[-0.05,-0.129],[-12.153,0],[-0.656,0.374],[-4.489,-16.791],[-2.75,-11.98],[4.096,5.736],[0,1.213],[24.913,0],[0,-4.538],[-1.018,-2.257],[-19.479,0],[-0.765,0.565],[-4.764,-9.086],[-0.053,-0.249],[-0.848,0],[-0.131,0.029],[0.214,0.994]],"o":[[-2.953,-13.335],[1.509,-0.683],[0,-4.93],[-1.871,0],[-3.199,11.272],[0,3.101],[-1.383,9.12],[-7.738,-31.714],[0.738,-2.435],[-4.77,-19.355],[-2.06,0.507],[0.747,3.033],[6.098,10.797],[6.265,18.424],[-6.311,-10.671],[-0.734,-14.353],[-0.92,-0.001],[0,0.152],[4.677,12.028],[0.947,0],[11.365,12.387],[4.152,16.71],[-3.877,-6.317],[0.452,-1.078],[0,-3.668],[-3.685,0],[0,2.766],[7.792,17.256],[0.917,0],[6.126,8.628],[1.603,7.141],[0.185,0.863],[0.128,0],[0.992,-0.214],[-0.398,-1.848]],"v":[[28.937,65.348],[28.758,19.683],[41.867,-23.578],[36.901,-39.702],[31.96,-34.993],[25.156,2.022],[26.019,12.221],[23.324,41.838],[-3.716,-54.802],[-4.27,-66.87],[-30.995,-102.173],[-31.802,-93.129],[-28.707,-84.898],[-6.665,-51.996],[12.107,12.59],[-9.656,-15.738],[-39.749,-42.759],[-41.867,-40.116],[-41.794,-39.692],[-13.497,-11.185],[-11.066,-11.735],[17.628,34.317],[28.17,78.491],[15.909,60.122],[16.641,56.64],[-24.248,12.177],[-29.816,16.856],[-27.904,25.311],[11.055,64.136],[13.591,63.212],[30.96,90.773],[33.549,102.474],[35.346,103.926],[35.737,103.885],[37.148,101.698]],"c":true},"ix":2},"nm":"Path 1","mn":"ADBE Vector Shape - Group","hd":false},{"ty":"fl","c":{"a":0,"k":[1,0.364705882353,0.380392186782,1],"ix":4},"o":{"a":0,"k":100,"ix":5},"r":1,"bm":0,"nm":"Fill 1","mn":"ADBE Vector Graphic - Fill","hd":false},{"ty":"tr","p":{"a":0,"k":[476.056,202.859],"ix":2},"a":{"a":0,"k":[0,0],"ix":1},"s":{"a":0,"k":[100,100],"ix":3},"r":{"a":0,"k":0,"ix":6},"o":{"a":0,"k":100,"ix":7},"sk":{"a":0,"k":0,"ix":4},"sa":{"a":0,"k":0,"ix":5},"nm":"Transform"}],"nm":"Group 3","np":2,"cix":2,"bm":0,"ix":1,"mn":"ADBE Vector Group","hd":false}],"ip":0,"op":240,"st":0,"bm":0},{"ddd":0,"ind":3,"ty":4,"nm":"Group 4","sr":1,"ks":{"o":{"a":0,"k":100,"ix":11},"r":{"a":1,"k":[{"i":{"x":[0.5],"y":[1]},"o":{"x":[0.5],"y":[0]},"t":-40,"s":[-5]},{"t":0,"s":[3]}],"ix":10,"x":"var $bm_rt;\n$bm_rt = loopOut('pingpong');"},"p":{"a":0,"k":[962.366,1265.039,0],"ix":2},"a":{"a":0,"k":[564.202,306.781,0],"ix":1},"s":{"a":0,"k":[-267.462,267.462,100],"ix":6}},"ao":0,"ef":[{"ty":5,"nm":"CC Bend It","np":7,"mn":"CC Bend It","ix":1,"en":1,"ef":[{"ty":0,"nm":"Bend","mn":"CC Bend It-0001","ix":1,"v":{"a":1,"k":[{"i":{"x":[0.5],"y":[1]},"o":{"x":[0.5],"y":[0]},"t":-20,"s":[-5]},{"t":20,"s":[5]}],"ix":1,"x":"var $bm_rt;\n$bm_rt = loopOut('pingpong');"}},{"ty":3,"nm":"Start","mn":"CC Bend It-0002","ix":2,"v":{"a":0,"k":[558,320],"ix":2,"x":"var $bm_rt;\n$bm_rt = toComp(value);"}},{"ty":3,"nm":"End","mn":"CC Bend It-0003","ix":3,"v":{"a":0,"k":[720,14],"ix":3,"x":"var $bm_rt;\n$bm_rt = toComp(value);"}},{"ty":7,"nm":"Render Prestart","mn":"CC Bend It-0004","ix":4,"v":{"a":0,"k":3,"ix":4}},{"ty":7,"nm":"Distort","mn":"CC Bend It-0005","ix":5,"v":{"a":0,"k":1,"ix":5}}]}],"shapes":[{"ty":"gr","it":[{"ind":0,"ty":"sh","ix":1,"ks":{"a":0,"k":{"i":[[-17.191,19.014],[-7.273,15.278],[3.034,1.444],[1.374,-0.278],[6.794,-14.27],[-0.205,-1.507],[7.767,-11.319],[0,0],[3.047,11.422],[4.258,-2.619],[-2.056,-5.644],[0,0],[0.22,-0.333],[7.474,-17.522],[0.039,-0.335],[1.417,-3.724],[1.368,9.521],[0.502,7.263],[6.642,-0.459],[0.26,-1.748],[-0.603,-8.715],[-3.791,0.262],[-0.622,0.422],[0.029,-0.166],[1.39,-23.016],[-1.014,-0.061],[-0.059,0.975],[-1.199,7.653],[-8.763,9.834],[-0.596,0],[0,17.355],[0.758,0],[0.592,-0.11],[4.767,-10.018],[2.479,-3.602],[-8.273,19.502],[-15.344,10.135],[-6.746,0],[0,10.902],[4.217,0],[0.352,-0.031],[4.624,-10.357],[5.416,-5.277]],"o":[[9.803,2.347],[2.321,-4.877],[-1.263,-0.602],[-11.8,2.392],[-1.132,2.379],[-6.737,7.469],[-0.727,1.06],[0,0],[-3.628,-13.599],[-3.712,2.283],[4.648,12.76],[0,0],[-13.197,19.962],[-0.287,0.354],[-1.549,3.668],[0.024,-5.974],[1.095,-3.092],[-1.129,-16.342],[-0.79,0.054],[-1.22,8.239],[1.383,20.024],[0.44,-0.03],[2.316,19.516],[-7.883,23.722],[-0.061,1.016],[1.079,0.003],[0.451,-7.462],[0.397,-1.051],[0.414,0.534],[28.192,-1.148],[0,-0.787],[-0.534,0],[-26.704,4.968],[-4.889,4.997],[4.028,-20.17],[1.878,-2.214],[0.22,3.549],[12.462,0],[0,-3.109],[-0.321,0],[-13.723,1.175],[-10.17,6.286],[12,-25.774]],"v":[[30.538,-85.007],[63.202,-108.887],[64.953,-121.666],[60.53,-121.977],[29.287,-93.386],[27.668,-87.32],[3.409,-55.611],[-11.033,-77.35],[-6.744,-90.572],[-22.65,-113.595],[-23.309,-88.038],[-13.276,-75.855],[1.262,-52.375],[-32.46,8.254],[-32.884,9.273],[-37.339,20.362],[-45.281,-23.535],[-44.013,-38.657],[-59.988,-81.649],[-61.633,-79.086],[-62.689,-53.171],[-50.056,-18.232],[-48.416,-18.88],[-41.844,32.861],[-56.169,103.816],[-54.443,105.765],[-52.495,104.04],[-49.986,81.332],[-38.04,63.677],[-36.463,64.556],[13.205,20.358],[11.88,19.344],[10.123,19.567],[-37.155,57.307],[-48.023,70.326],[-29.329,10.254],[16.535,-26.625],[25.769,-18.084],[62.185,-46.617],[56.318,-52.251],[55.31,-52.206],[17.53,-31.68],[-24.774,0.043]],"c":true},"ix":2},"nm":"Path 1","mn":"ADBE Vector Shape - Group","hd":false},{"ty":"fl","c":{"a":0,"k":[0.85,0.310000011968,0.323333351285,1],"ix":4},"o":{"a":0,"k":100,"ix":5},"r":1,"bm":0,"nm":"Fill 1","mn":"ADBE Vector Graphic - Fill","hd":false},{"ty":"tr","p":{"a":0,"k":[620.95,201.016],"ix":2},"a":{"a":0,"k":[0,0],"ix":1},"s":{"a":0,"k":[100,100],"ix":3},"r":{"a":0,"k":0,"ix":6},"o":{"a":0,"k":100,"ix":7},"sk":{"a":0,"k":0,"ix":4},"sa":{"a":0,"k":0,"ix":5},"nm":"Transform"}],"nm":"Group 4","np":2,"cix":2,"bm":0,"ix":1,"mn":"ADBE Vector Group","hd":false}],"ip":0,"op":220,"st":-20,"bm":0}]}],"layers":[{"ddd":0,"ind":2,"ty":0,"nm":"A_Leafs_1","refId":"comp_0","sr":1,"ks":{"o":{"a":0,"k":100,"ix":11},"r":{"a":0,"k":25.148,"ix":10},"p":{"a":0,"k":[184,628.6,0],"ix":2},"a":{"a":0,"k":[809,1374,0],"ix":1},"s":{"a":0,"k":[52.775,52.775,100],"ix":6}},"ao":0,"w":2048,"h":2048,"ip":-15,"op":225,"st":-15,"bm":0},{"ddd":0,"ind":3,"ty":0,"nm":"Leafs_A_2","refId":"comp_1","sr":1,"ks":{"o":{"a":0,"k":100,"ix":11},"r":{"a":0,"k":-14.492,"ix":10},"p":{"a":0,"k":[1758,602,0],"ix":2},"a":{"a":0,"k":[938.864,1199.43,0],"ix":1},"s":{"a":0,"k":[106.611,106.611,100],"ix":6}},"ao":0,"ef":[{"ty":5,"nm":"Hue/Saturation","np":11,"mn":"ADBE HUE SATURATION","ix":1,"en":1,"ef":[{"ty":7,"nm":"Channel Control","mn":"ADBE HUE SATURATION-0002","ix":1,"v":{"a":0,"k":1,"ix":1}},{},{"ty":0,"nm":"Master Hue","mn":"ADBE HUE SATURATION-0004","ix":3,"v":{"a":0,"k":-7,"ix":3}},{"ty":0,"nm":"Master Saturation","mn":"ADBE HUE SATURATION-0005","ix":4,"v":{"a":0,"k":13,"ix":4}},{"ty":0,"nm":"Master Lightness","mn":"ADBE HUE SATURATION-0006","ix":5,"v":{"a":0,"k":-2,"ix":5}},{"ty":7,"nm":"Colorize","mn":"ADBE HUE SATURATION-0007","ix":6,"v":{"a":0,"k":0,"ix":6}},{"ty":0,"nm":"Colorize Hue","mn":"ADBE HUE SATURATION-0008","ix":7,"v":{"a":0,"k":0,"ix":7}},{"ty":0,"nm":"Colorize Saturation","mn":"ADBE HUE SATURATION-0009","ix":8,"v":{"a":0,"k":25,"ix":8}},{"ty":0,"nm":"Colorize Lightness","mn":"ADBE HUE SATURATION-0010","ix":9,"v":{"a":0,"k":0,"ix":9}}]}],"w":2048,"h":2048,"ip":0,"op":240,"st":0,"bm":0},{"ddd":0,"ind":4,"ty":0,"nm":"A_Leafs_1","refId":"comp_0","sr":1,"ks":{"o":{"a":0,"k":100,"ix":11},"r":{"a":0,"k":9.192,"ix":10},"p":{"a":0,"k":[1780,608.6,0],"ix":2},"a":{"a":0,"k":[809,1374,0],"ix":1},"s":{"a":0,"k":[65.034,65.034,100],"ix":6}},"ao":0,"w":2048,"h":2048,"ip":-5,"op":235,"st":-5,"bm":0},{"ddd":0,"ind":5,"ty":4,"nm":"WELCOME Outlines","sr":1,"ks":{"o":{"a":0,"k":100,"ix":11},"r":{"a":0,"k":0,"ix":10},"p":{"a":0,"k":[1281.014,343.998,0],"ix":2},"a":{"a":0,"k":[0,0,0],"ix":1},"s":{"a":0,"k":[100,100,100],"ix":6}},"ao":0,"shapes":[{"ty":"gr","it":[{"ind":0,"ty":"sh","ix":1,"ks":{"a":1,"k":[{"i":{"x":0.25,"y":1},"o":{"x":0.51,"y":0},"t":24,"s":[{"i":[[0,0.923],[5.937,0],[1.055,-4.617],[0,0],[0,0],[4.09,0],[1.055,-3.958],[0,0],[0,0],[4.485,0],[0,-5.013],[-0.264,-0.792],[0,0],[-5.673,0],[0,0],[-1.319,5.409],[0,0],[0,0],[-5.805,0],[0,0],[-1.583,5.409],[0,0]],"o":[[0,-5.145],[-4.749,0],[0,0],[0,0],[-1.055,-3.958],[-4.486,0],[0,0],[0,0],[-1.187,-4.617],[-5.937,0],[0,0.792],[0,0],[1.583,5.409],[0,0],[5.409,0],[0,0],[0,0],[1.319,5.409],[0,0],[5.541,0],[0,0],[0.264,-0.792]],"v":[[-521.855,-79.816],[-531.882,-89.579],[-541.908,-81.795],[-555.629,-24.407],[-570.668,-81.927],[-579.375,-88.787],[-588.61,-81.927],[-603.65,-24.407],[-617.635,-81.927],[-627.397,-89.579],[-637.424,-79.816],[-637.028,-77.31],[-617.239,-8.443],[-604.969,0.792],[-604.706,0.792],[-592.832,-8.443],[-579.639,-60.423],[-566.315,-8.443],[-554.309,0.792],[-554.045,0.792],[-541.908,-8.443],[-522.251,-77.178]],"c":true}]},{"i":{"x":0.46,"y":1},"o":{"x":0.167,"y":0},"t":44,"s":[{"i":[[0,0.923],[5.937,0],[1.055,-4.617],[0,0],[0,0],[4.09,0],[1.055,-3.958],[0,0],[0,0],[4.485,0],[0,-5.013],[-0.264,-0.792],[0,0],[-5.673,0],[0,0],[-1.319,5.409],[0,0],[0,0],[-5.805,0],[0,0],[-1.583,5.409],[0,0]],"o":[[0,-5.145],[-4.749,0],[0,0],[0,0],[-1.055,-3.958],[-4.486,0],[0,0],[0,0],[-1.187,-4.617],[-5.937,0],[0,0.792],[0,0],[1.583,5.409],[0,0],[5.409,0],[0,0],[0,0],[1.319,5.409],[0,0],[5.541,0],[0,0],[0.264,-0.792]],"v":[[-448.855,-80.309],[-458.882,-90.072],[-468.908,-82.288],[-482.629,-24.9],[-497.668,-82.42],[-506.375,-89.28],[-515.61,-82.42],[-530.65,-24.9],[-544.635,-82.42],[-554.397,-90.072],[-564.424,-80.309],[-564.028,-77.803],[-544.239,-8.936],[-531.969,0.298],[-531.706,0.298],[-519.832,-8.936],[-506.639,-60.916],[-493.315,-8.936],[-481.309,0.298],[-481.045,0.298],[-468.908,-8.936],[-449.251,-77.671]],"c":true}]},{"i":{"x":0.46,"y":1},"o":{"x":0.54,"y":0},"t":48,"s":[{"i":[[0,0.923],[5.937,0],[1.055,-4.617],[0,0],[0,0],[4.09,0],[1.055,-3.958],[0,0],[0,0],[4.485,0],[0,-5.013],[-0.264,-0.792],[0,0],[-5.673,0],[0,0],[-1.319,5.409],[0,0],[0,0],[-5.805,0],[0,0],[-1.583,5.409],[0,0]],"o":[[0,-5.145],[-4.749,0],[0,0],[0,0],[-1.055,-3.958],[-4.486,0],[0,0],[0,0],[-1.187,-4.617],[-5.937,0],[0,0.792],[0,0],[1.583,5.409],[0,0],[5.409,0],[0,0],[0,0],[1.319,5.409],[0,0],[5.541,0],[0,0],[0.264,-0.792]],"v":[[-448.855,-80.309],[-458.882,-90.072],[-468.908,-82.288],[-482.629,-24.9],[-497.668,-82.42],[-506.375,-89.28],[-515.61,-82.42],[-530.65,-24.9],[-544.635,-82.42],[-554.397,-90.072],[-564.424,-80.309],[-564.028,-77.803],[-544.239,-8.936],[-531.969,0.298],[-531.706,0.298],[-519.832,-8.936],[-506.639,-60.916],[-493.315,-8.936],[-481.309,0.298],[-481.045,0.298],[-468.908,-8.936],[-449.251,-77.671]],"c":true}]},{"t":69,"s":[{"i":[[0,0.923],[5.937,0],[1.055,-4.617],[0,0],[0,0],[4.09,0],[1.055,-3.958],[0,0],[0,0],[4.485,0],[0,-5.013],[-0.264,-0.792],[0,0],[-5.673,0],[0,0],[-1.319,5.409],[0,0],[0,0],[-5.805,0],[0,0],[-1.583,5.409],[0,0]],"o":[[0,-5.145],[-4.749,0],[0,0],[0,0],[-1.055,-3.958],[-4.486,0],[0,0],[0,0],[-1.187,-4.617],[-5.937,0],[0,0.792],[0,0],[1.583,5.409],[0,0],[5.409,0],[0,0],[0,0],[1.319,5.409],[0,0],[5.541,0],[0,0],[0.264,-0.792]],"v":[[-521.855,-79.816],[-531.882,-89.579],[-541.908,-81.795],[-555.629,-24.407],[-570.668,-81.927],[-579.375,-88.787],[-588.61,-81.927],[-603.65,-24.407],[-617.635,-81.927],[-627.397,-89.579],[-637.424,-79.816],[-637.028,-77.31],[-617.239,-8.443],[-604.969,0.792],[-604.706,0.792],[-592.832,-8.443],[-579.639,-60.423],[-566.315,-8.443],[-554.309,0.792],[-554.045,0.792],[-541.908,-8.443],[-522.251,-77.178]],"c":true}]}],"ix":2},"nm":"W","mn":"ADBE Vector Shape - Group","hd":false},{"ty":"fl","c":{"a":0,"k":[0.203155637255,0.203155637255,0.203155637255,1],"ix":4},"o":{"a":0,"k":100,"ix":5},"r":1,"bm":0,"nm":"Fill 1","mn":"ADBE Vector Graphic - Fill","hd":false},{"ty":"tr","p":{"a":0,"k":[0,0],"ix":2},"a":{"a":0,"k":[0,0],"ix":1},"s":{"a":0,"k":[100,100],"ix":3},"r":{"a":0,"k":0,"ix":6},"o":{"a":0,"k":100,"ix":7},"sk":{"a":0,"k":0,"ix":4},"sa":{"a":0,"k":0,"ix":5},"nm":"Transform"}],"nm":"W","np":3,"cix":2,"bm":0,"ix":1,"mn":"ADBE Vector Group","hd":false},{"ty":"gr","it":[{"ind":0,"ty":"sh","ix":1,"ks":{"a":1,"k":[{"i":{"x":0.25,"y":1},"o":{"x":0.51,"y":0},"t":22,"s":[{"i":[[0,4.749],[4.354,0],[0,0],[0,0],[0,0],[0,4.486],[4.354,0],[0,0],[0,0],[0,0],[0,4.486],[4.354,0],[0,0],[0,-5.805],[0,0],[-5.805,0],[0,0]],"o":[[0,-4.354],[0,0],[0,0],[0,0],[4.354,0],[0,-4.617],[0,0],[0,0],[0,0],[4.354,0],[0,-4.617],[0,0],[-5.805,0],[0,0],[0,5.805],[0,0],[4.354,0]],"v":[[-448.168,-8.443],[-456.215,-16.491],[-492.495,-16.491],[-492.495,-36.412],[-457.139,-36.412],[-449.091,-44.591],[-457.139,-52.903],[-492.495,-52.903],[-492.495,-71.505],[-456.215,-71.505],[-448.168,-79.684],[-456.215,-87.996],[-500.675,-87.996],[-511.229,-77.441],[-511.229,-10.554],[-500.675,0],[-456.215,0]],"c":true}]},{"i":{"x":0.46,"y":1},"o":{"x":0.167,"y":0},"t":44,"s":[{"i":[[0,4.749],[4.354,0],[0,0],[0,0],[0,0],[0,4.486],[4.354,0],[0,0],[0,0],[0,0],[0,4.486],[4.354,0],[0,0],[0,-5.805],[0,0],[-5.805,0],[0,0]],"o":[[0,-4.354],[0,0],[0,0],[0,0],[4.354,0],[0,-4.617],[0,0],[0,0],[0,0],[4.354,0],[0,-4.617],[0,0],[-5.805,0],[0,0],[0,5.805],[0,0],[4.354,0]],"v":[[-375.168,-8.936],[-383.215,-16.984],[-419.495,-16.984],[-419.495,-36.905],[-384.139,-36.905],[-376.091,-45.085],[-384.139,-53.396],[-419.495,-53.396],[-419.495,-71.998],[-383.215,-71.998],[-375.168,-80.177],[-383.215,-88.489],[-427.675,-88.489],[-438.229,-77.935],[-438.229,-11.047],[-427.675,-0.493],[-383.215,-0.493]],"c":true}]},{"i":{"x":0.46,"y":1},"o":{"x":0.54,"y":0},"t":48,"s":[{"i":[[0,4.749],[4.354,0],[0,0],[0,0],[0,0],[0,4.486],[4.354,0],[0,0],[0,0],[0,0],[0,4.486],[4.354,0],[0,0],[0,-5.805],[0,0],[-5.805,0],[0,0]],"o":[[0,-4.354],[0,0],[0,0],[0,0],[4.354,0],[0,-4.617],[0,0],[0,0],[0,0],[4.354,0],[0,-4.617],[0,0],[-5.805,0],[0,0],[0,5.805],[0,0],[4.354,0]],"v":[[-375.168,-8.936],[-383.215,-16.984],[-419.495,-16.984],[-419.495,-36.905],[-384.139,-36.905],[-376.091,-45.085],[-384.139,-53.396],[-419.495,-53.396],[-419.495,-71.998],[-383.215,-71.998],[-375.168,-80.177],[-383.215,-88.489],[-427.675,-88.489],[-438.229,-77.935],[-438.229,-11.047],[-427.675,-0.493],[-383.215,-0.493]],"c":true}]},{"t":69,"s":[{"i":[[0,4.749],[4.354,0],[0,0],[0,0],[0,0],[0,4.486],[4.354,0],[0,0],[0,0],[0,0],[0,4.486],[4.354,0],[0,0],[0,-5.805],[0,0],[-5.805,0],[0,0]],"o":[[0,-4.354],[0,0],[0,0],[0,0],[4.354,0],[0,-4.617],[0,0],[0,0],[0,0],[4.354,0],[0,-4.617],[0,0],[-5.805,0],[0,0],[0,5.805],[0,0],[4.354,0]],"v":[[-448.168,-8.443],[-456.215,-16.491],[-492.495,-16.491],[-492.495,-36.412],[-457.139,-36.412],[-449.091,-44.591],[-457.139,-52.903],[-492.495,-52.903],[-492.495,-71.505],[-456.215,-71.505],[-448.168,-79.684],[-456.215,-87.996],[-500.675,-87.996],[-511.229,-77.441],[-511.229,-10.554],[-500.675,0],[-456.215,0]],"c":true}]}],"ix":2},"nm":"E","mn":"ADBE Vector Shape - Group","hd":false},{"ty":"fl","c":{"a":0,"k":[0.203155637255,0.203155637255,0.203155637255,1],"ix":4},"o":{"a":0,"k":100,"ix":5},"r":1,"bm":0,"nm":"Fill 1","mn":"ADBE Vector Graphic - Fill","hd":false},{"ty":"tr","p":{"a":0,"k":[0,0],"ix":2},"a":{"a":0,"k":[0,0],"ix":1},"s":{"a":0,"k":[100,100],"ix":3},"r":{"a":0,"k":0,"ix":6},"o":{"a":0,"k":100,"ix":7},"sk":{"a":0,"k":0,"ix":4},"sa":{"a":0,"k":0,"ix":5},"nm":"Transform"}],"nm":"E","np":3,"cix":2,"bm":0,"ix":2,"mn":"ADBE Vector Group","hd":false},{"ty":"gr","it":[{"ind":0,"ty":"sh","ix":1,"ks":{"a":1,"k":[{"i":{"x":0.45,"y":1},"o":{"x":0.55,"y":0},"t":0,"s":[{"i":[[0,4.749],[4.354,0],[0,0],[0,0],[5.013,0],[0,-5.013],[0,0],[-5.805,0],[0,0]],"o":[[0,-4.354],[0,0],[0,0],[0,-5.013],[-5.277,0],[0,0],[0,5.805],[0,0],[4.354,0]],"v":[[-378.128,-8.443],[-386.176,-16.491],[-416.123,-16.491],[-416.123,-79.552],[-425.358,-88.787],[-434.857,-79.552],[-434.857,-10.554],[-424.303,0],[-386.176,0]],"c":true}]},{"i":{"x":0.45,"y":1},"o":{"x":0.51,"y":0},"t":20,"s":[{"i":[[0,4.749],[4.354,0],[0,0],[0,0],[5.013,0],[0,-5.013],[0,0],[-5.805,0],[0,0]],"o":[[0,-4.354],[0,0],[0,0],[0,-5.013],[-5.277,0],[0,0],[0,5.805],[0,0],[4.354,0]],"v":[[-302.128,-8.892],[-310.176,-16.94],[-416.123,-16.491],[-416.123,-79.552],[-425.358,-88.787],[-434.857,-79.552],[-434.857,-10.554],[-424.303,0],[-310.176,-0.449]],"c":true}]},{"i":{"x":0.46,"y":1},"o":{"x":0.55,"y":0},"t":44,"s":[{"i":[[0,4.749],[4.354,0],[0,0],[0,0],[5.013,0],[0,-5.013],[0,0],[-5.805,0],[0,0]],"o":[[0,-4.354],[0,0],[0,0],[0,-5.013],[-5.277,0],[0,0],[0,5.805],[0,0],[4.354,0]],"v":[[-302.128,-8.892],[-310.176,-16.94],[-343.123,-16.984],[-343.123,-80.045],[-352.358,-89.28],[-361.857,-80.045],[-361.857,-11.047],[-351.303,-0.493],[-310.176,-0.449]],"c":true}]},{"i":{"x":0.46,"y":1},"o":{"x":0.54,"y":0},"t":48,"s":[{"i":[[0,4.749],[4.354,0],[0,0],[0,0],[5.013,0],[0,-5.013],[0,0],[-5.805,0],[0,0]],"o":[[0,-4.354],[0,0],[0,0],[0,-5.013],[-5.277,0],[0,0],[0,5.805],[0,0],[4.354,0]],"v":[[-302.128,-8.892],[-310.176,-16.94],[-343.123,-16.984],[-343.123,-80.045],[-352.358,-89.28],[-361.857,-80.045],[-361.857,-11.047],[-351.303,-0.493],[-310.176,-0.449]],"c":true}]},{"t":69,"s":[{"i":[[0,4.749],[4.354,0],[0,0],[0,0],[5.013,0],[0,-5.013],[0,0],[-5.805,0],[0,0]],"o":[[0,-4.354],[0,0],[0,0],[0,-5.013],[-5.277,0],[0,0],[0,5.805],[0,0],[4.354,0]],"v":[[-378.128,-8.443],[-386.176,-16.491],[-416.123,-16.491],[-416.123,-79.552],[-425.358,-88.787],[-434.857,-79.552],[-434.857,-10.554],[-424.303,0],[-386.176,0]],"c":true}]}],"ix":2},"nm":"L","mn":"ADBE Vector Shape - Group","hd":false},{"ty":"fl","c":{"a":0,"k":[0.203155637255,0.203155637255,0.203155637255,1],"ix":4},"o":{"a":0,"k":100,"ix":5},"r":1,"bm":0,"nm":"Fill 1","mn":"ADBE Vector Graphic - Fill","hd":false},{"ty":"tr","p":{"a":0,"k":[0,0],"ix":2},"a":{"a":0,"k":[0,0],"ix":1},"s":{"a":0,"k":[100,100],"ix":3},"r":{"a":0,"k":0,"ix":6},"o":{"a":0,"k":100,"ix":7},"sk":{"a":0,"k":0,"ix":4},"sa":{"a":0,"k":0,"ix":5},"nm":"Transform"}],"nm":"L","np":3,"cix":2,"bm":0,"ix":3,"mn":"ADBE Vector Group","hd":false},{"ty":"gr","it":[{"ind":0,"ty":"sh","ix":1,"ks":{"a":1,"k":[{"i":{"x":0.45,"y":1},"o":{"x":0.55,"y":0},"t":0,"s":[{"i":[[15.172,0],[0,-27.045],[-26.385,0],[-6.596,8.048],[0,1.847],[4.749,0],[1.847,-1.979],[6.596,0],[0,16.623],[-15.963,0],[-5.013,-5.277],[-2.507,0],[0,4.749],[1.187,1.451]],"o":[[-26.385,0],[0,27.045],[15.172,0],[1.319,-1.451],[0,-4.486],[-2.639,0],[-4.881,5.409],[-15.963,0],[0,-16.623],[6.596,0],[1.847,1.979],[4.881,0],[0,-1.715],[-6.728,-8.048]],"v":[[-327.268,-89.896],[-374.102,-44.381],[-327.268,1.134],[-295.342,-13.51],[-293.495,-18.655],[-302.07,-26.835],[-309.194,-23.8],[-327.268,-15.489],[-354.841,-44.381],[-327.268,-73.273],[-309.194,-64.83],[-302.334,-61.795],[-293.363,-70.239],[-295.21,-75.384]],"c":true}]},{"i":{"x":0.45,"y":1},"o":{"x":0.55,"y":0},"t":20,"s":[{"i":[[15.172,0],[0,-27.045],[-26.385,0],[-6.596,8.048],[0,1.847],[4.749,0],[1.847,-1.979],[6.596,0],[0,16.623],[-15.963,0],[-5.013,-5.277],[-2.507,0],[0,4.749],[1.187,1.451]],"o":[[-26.385,0],[0,27.045],[15.172,0],[1.319,-1.451],[0,-4.486],[-2.639,0],[-4.881,5.409],[-15.963,0],[0,-16.623],[6.596,0],[1.847,1.979],[4.881,0],[0,-1.715],[-6.728,-8.048]],"v":[[-251.268,-89.896],[-298.102,-44.381],[-251.268,1.134],[-219.342,-13.51],[-217.495,-18.655],[-226.07,-26.835],[-233.194,-23.8],[-251.268,-15.489],[-278.841,-44.381],[-251.268,-73.273],[-233.194,-64.83],[-226.334,-61.795],[-217.363,-70.239],[-219.21,-75.384]],"c":true}]},{"i":{"x":0.45,"y":1},"o":{"x":0.51,"y":0},"t":46,"s":[{"i":[[15.172,0],[0,-27.045],[-26.385,0],[-6.596,8.048],[0,1.847],[4.749,0],[1.847,-1.979],[6.596,0],[0,16.623],[-15.963,0],[-5.013,-5.277],[-2.507,0],[0,4.749],[1.187,1.451]],"o":[[-26.385,0],[0,27.045],[15.172,0],[1.319,-1.451],[0,-4.486],[-2.639,0],[-4.881,5.409],[-15.963,0],[0,-16.623],[6.596,0],[1.847,1.979],[4.881,0],[0,-1.715],[-6.728,-8.048]],"v":[[-251.268,-89.896],[-298.102,-44.381],[-251.268,1.134],[-219.342,-13.51],[-217.495,-18.655],[-226.07,-26.835],[-233.194,-23.8],[-251.268,-15.489],[-278.841,-44.381],[-251.268,-73.273],[-233.194,-64.83],[-226.334,-61.795],[-217.363,-70.239],[-219.21,-75.384]],"c":true}]},{"t":73,"s":[{"i":[[15.172,0],[0,-27.045],[-26.385,0],[-6.596,8.048],[0,1.847],[4.749,0],[1.847,-1.979],[6.596,0],[0,16.623],[-15.963,0],[-5.013,-5.277],[-2.507,0],[0,4.749],[1.187,1.451]],"o":[[-26.385,0],[0,27.045],[15.172,0],[1.319,-1.451],[0,-4.486],[-2.639,0],[-4.881,5.409],[-15.963,0],[0,-16.623],[6.596,0],[1.847,1.979],[4.881,0],[0,-1.715],[-6.728,-8.048]],"v":[[-327.268,-89.896],[-374.102,-44.381],[-327.268,1.134],[-295.342,-13.51],[-293.495,-18.655],[-302.07,-26.835],[-309.194,-23.8],[-327.268,-15.489],[-354.841,-44.381],[-327.268,-73.273],[-309.194,-64.83],[-302.334,-61.795],[-293.363,-70.239],[-295.21,-75.384]],"c":true}]}],"ix":2},"nm":"C","mn":"ADBE Vector Shape - Group","hd":false},{"ty":"fl","c":{"a":0,"k":[0.203155637255,0.203155637255,0.203155637255,1],"ix":4},"o":{"a":0,"k":100,"ix":5},"r":1,"bm":0,"nm":"Fill 1","mn":"ADBE Vector Graphic - Fill","hd":false},{"ty":"tr","p":{"a":0,"k":[0,0],"ix":2},"a":{"a":0,"k":[0,0],"ix":1},"s":{"a":0,"k":[100,100],"ix":3},"r":{"a":0,"k":0,"ix":6},"o":{"a":0,"k":100,"ix":7},"sk":{"a":0,"k":0,"ix":4},"sa":{"a":0,"k":0,"ix":5},"nm":"Transform"}],"nm":"C","np":3,"cix":2,"bm":0,"ix":4,"mn":"ADBE Vector Group","hd":false},{"ty":"gr","it":[{"ind":0,"ty":"sh","ix":1,"ks":{"a":1,"k":[{"i":{"x":0.45,"y":1},"o":{"x":0.55,"y":0},"t":0,"s":[{"i":[[0,26.517],[26.649,0],[0,-26.517],[-26.517,0]],"o":[[0,-26.517],[-26.517,0],[0,26.517],[26.649,0]],"v":[[-192.152,-43.932],[-238.195,-89.447],[-284.106,-43.932],[-238.195,1.583]],"c":true}]},{"i":{"x":0.45,"y":1},"o":{"x":0.55,"y":0},"t":20,"s":[{"i":[[0,26.517],[26.649,0],[0,-26.517],[-26.517,0]],"o":[[0,-26.517],[-26.517,0],[0,26.517],[26.649,0]],"v":[[-116.152,-44.381],[-162.195,-89.896],[-208.106,-44.381],[-162.195,1.134]],"c":true}]},{"i":{"x":0.45,"y":1},"o":{"x":0.55,"y":0},"t":49,"s":[{"i":[[0,26.517],[26.649,0],[0,-26.517],[-26.517,0]],"o":[[0,-26.517],[-26.517,0],[0,26.517],[26.649,0]],"v":[[-116.152,-44.381],[-162.195,-89.896],[-208.106,-44.381],[-162.195,1.134]],"c":true}]},{"t":75,"s":[{"i":[[0,26.517],[26.649,0],[0,-26.517],[-26.517,0]],"o":[[0,-26.517],[-26.517,0],[0,26.517],[26.649,0]],"v":[[-192.152,-43.932],[-238.195,-89.447],[-284.106,-43.932],[-238.195,1.583]],"c":true}]}],"ix":2},"nm":"O","mn":"ADBE Vector Shape - Group","hd":false},{"ind":1,"ty":"sh","ix":2,"ks":{"a":1,"k":[{"i":{"x":0.45,"y":1},"o":{"x":0.55,"y":0},"t":0,"s":[{"i":[[0,-16.491],[16.227,0],[0,16.359],[-16.227,0]],"o":[[0,16.359],[-16.227,0],[0,-16.491],[16.227,0]],"v":[[-211.414,-43.932],[-238.195,-15.04],[-264.844,-43.932],[-238.195,-72.824]],"c":true}]},{"i":{"x":0.45,"y":1},"o":{"x":0.55,"y":0},"t":20,"s":[{"i":[[0,-16.491],[16.227,0],[0,16.359],[-16.227,0]],"o":[[0,16.359],[-16.227,0],[0,-16.491],[16.227,0]],"v":[[-135.414,-44.381],[-162.195,-15.489],[-188.844,-44.381],[-162.195,-73.273]],"c":true}]},{"i":{"x":0.45,"y":1},"o":{"x":0.55,"y":0},"t":50,"s":[{"i":[[0,-16.491],[16.227,0],[0,16.359],[-16.227,0]],"o":[[0,16.359],[-16.227,0],[0,-16.491],[16.227,0]],"v":[[-135.414,-44.381],[-162.195,-15.489],[-188.844,-44.381],[-162.195,-73.273]],"c":true}]},{"t":75,"s":[{"i":[[0,-16.491],[16.227,0],[0,16.359],[-16.227,0]],"o":[[0,16.359],[-16.227,0],[0,-16.491],[16.227,0]],"v":[[-211.414,-43.932],[-238.195,-15.04],[-264.844,-43.932],[-238.195,-72.824]],"c":true}]}],"ix":2},"nm":"O","mn":"ADBE Vector Shape - Group","hd":false},{"ty":"mm","mm":1,"nm":"Merge Paths 1","mn":"ADBE Vector Filter - Merge","hd":false},{"ty":"fl","c":{"a":0,"k":[0.203155637255,0.203155637255,0.203155637255,1],"ix":4},"o":{"a":0,"k":100,"ix":5},"r":1,"bm":0,"nm":"Fill 1","mn":"ADBE Vector Graphic - Fill","hd":false},{"ty":"tr","p":{"a":0,"k":[0,0],"ix":2},"a":{"a":0,"k":[0,0],"ix":1},"s":{"a":0,"k":[100,100],"ix":3},"r":{"a":0,"k":0,"ix":6},"o":{"a":0,"k":100,"ix":7},"sk":{"a":0,"k":0,"ix":4},"sa":{"a":0,"k":0,"ix":5},"nm":"Transform"}],"nm":"O","np":5,"cix":2,"bm":0,"ix":5,"mn":"ADBE Vector Group","hd":false},{"ty":"gr","it":[{"ind":0,"ty":"sh","ix":1,"ks":{"a":1,"k":[{"i":{"x":0.45,"y":1},"o":{"x":0.55,"y":0},"t":0,"s":[{"i":[[0,5.145],[0,0],[8.443,-1.319],[2.111,-5.145],[0,0],[0,0],[8.575,-0.923],[0,-5.805],[0,0],[-5.013,0],[0,5.013],[0,0],[0,0],[-2.243,0],[-0.792,1.979],[0,0],[0,0],[-5.145,0]],"o":[[0,0],[0,-8.707],[-5.805,0],[0,0],[0,0],[-3.166,-7.652],[-5.805,0],[0,0],[0,5.013],[5.277,0],[0,0],[0,0],[0.792,1.979],[2.507,0],[0,0],[0,0],[0,5.145],[5.277,0]],"v":[[-84.286,-8.575],[-84.286,-77.441],[-101.304,-87.996],[-114.101,-79.42],[-132.043,-34.829],[-149.986,-79.42],[-169.115,-87.996],[-179.669,-77.441],[-179.669,-8.443],[-170.434,0.792],[-160.936,-8.443],[-160.936,-61.61],[-137.189,-2.639],[-132.175,0.792],[-126.898,-2.639],[-103.151,-61.61],[-103.151,-8.575],[-93.784,0.792]],"c":true}]},{"i":{"x":0.45,"y":1},"o":{"x":0.55,"y":0},"t":20,"s":[{"i":[[0,5.145],[0,0],[8.443,-1.319],[2.111,-5.145],[0,0],[0,0],[8.575,-0.923],[0,-5.805],[0,0],[-5.013,0],[0,5.013],[0,0],[0,0],[-2.243,0],[-0.792,1.979],[0,0],[0,0],[-5.145,0]],"o":[[0,0],[0,-8.707],[-5.805,0],[0,0],[0,0],[-3.166,-7.652],[-5.805,0],[0,0],[0,5.013],[5.277,0],[0,0],[0,0],[0.792,1.979],[2.507,0],[0,0],[0,0],[0,5.145],[5.277,0]],"v":[[-8.286,-9.024],[-8.286,-77.89],[-25.304,-88.445],[-38.101,-79.869],[-56.043,-35.278],[-73.986,-79.869],[-93.115,-88.445],[-103.669,-77.89],[-103.669,-8.892],[-94.434,0.343],[-84.936,-8.892],[-84.936,-62.059],[-61.189,-3.088],[-56.175,0.343],[-50.898,-3.088],[-27.151,-62.059],[-27.151,-9.024],[-17.784,0.343]],"c":true}]},{"i":{"x":0.45,"y":1},"o":{"x":0.55,"y":0},"t":51,"s":[{"i":[[0,5.145],[0,0],[8.443,-1.319],[2.111,-5.145],[0,0],[0,0],[8.575,-0.923],[0,-5.805],[0,0],[-5.013,0],[0,5.013],[0,0],[0,0],[-2.243,0],[-0.792,1.979],[0,0],[0,0],[-5.145,0]],"o":[[0,0],[0,-8.707],[-5.805,0],[0,0],[0,0],[-3.166,-7.652],[-5.805,0],[0,0],[0,5.013],[5.277,0],[0,0],[0,0],[0.792,1.979],[2.507,0],[0,0],[0,0],[0,5.145],[5.277,0]],"v":[[-8.286,-9.024],[-8.286,-77.89],[-25.304,-88.445],[-38.101,-79.869],[-56.043,-35.278],[-73.986,-79.869],[-93.115,-88.445],[-103.669,-77.89],[-103.669,-8.892],[-94.434,0.343],[-84.936,-8.892],[-84.936,-62.059],[-61.189,-3.088],[-56.175,0.343],[-50.898,-3.088],[-27.151,-62.059],[-27.151,-9.024],[-17.784,0.343]],"c":true}]},{"t":75,"s":[{"i":[[0,5.145],[0,0],[8.443,-1.319],[2.111,-5.145],[0,0],[0,0],[8.575,-0.923],[0,-5.805],[0,0],[-5.013,0],[0,5.013],[0,0],[0,0],[-2.243,0],[-0.792,1.979],[0,0],[0,0],[-5.145,0]],"o":[[0,0],[0,-8.707],[-5.805,0],[0,0],[0,0],[-3.166,-7.652],[-5.805,0],[0,0],[0,5.013],[5.277,0],[0,0],[0,0],[0.792,1.979],[2.507,0],[0,0],[0,0],[0,5.145],[5.277,0]],"v":[[-84.286,-8.575],[-84.286,-77.441],[-101.304,-87.996],[-114.101,-79.42],[-132.043,-34.829],[-149.986,-79.42],[-169.115,-87.996],[-179.669,-77.441],[-179.669,-8.443],[-170.434,0.792],[-160.936,-8.443],[-160.936,-61.61],[-137.189,-2.639],[-132.175,0.792],[-126.898,-2.639],[-103.151,-61.61],[-103.151,-8.575],[-93.784,0.792]],"c":true}]}],"ix":2},"nm":"M","mn":"ADBE Vector Shape - Group","hd":false},{"ty":"fl","c":{"a":0,"k":[0.203155637255,0.203155637255,0.203155637255,1],"ix":4},"o":{"a":0,"k":100,"ix":5},"r":1,"bm":0,"nm":"Fill 1","mn":"ADBE Vector Graphic - Fill","hd":false},{"ty":"tr","p":{"a":0,"k":[0,0],"ix":2},"a":{"a":0,"k":[0,0],"ix":1},"s":{"a":0,"k":[100,100],"ix":3},"r":{"a":0,"k":0,"ix":6},"o":{"a":0,"k":100,"ix":7},"sk":{"a":0,"k":0,"ix":4},"sa":{"a":0,"k":0,"ix":5},"nm":"Transform"}],"nm":"M","np":3,"cix":2,"bm":0,"ix":6,"mn":"ADBE Vector Group","hd":false},{"ty":"gr","it":[{"ind":0,"ty":"sh","ix":1,"ks":{"a":1,"k":[{"i":{"x":0.45,"y":1},"o":{"x":0.55,"y":0},"t":0,"s":[{"i":[[0,4.749],[4.354,0],[0,0],[0,0],[0,0],[0,4.486],[4.354,0],[0,0],[0,0],[0,0],[0,4.486],[4.354,0],[0,0],[0,-5.805],[0,0],[-5.805,0],[0,0]],"o":[[0,-4.354],[0,0],[0,0],[0,0],[4.354,0],[0,-4.617],[0,0],[0,0],[0,0],[4.354,0],[0,-4.617],[0,0],[-5.805,0],[0,0],[0,5.805],[0,0],[4.354,0]],"v":[[-4.603,-8.443],[-12.651,-16.491],[-48.931,-16.491],[-48.931,-36.412],[-13.575,-36.412],[-5.527,-44.591],[-13.575,-52.903],[-48.931,-52.903],[-48.931,-71.505],[-12.651,-71.505],[-4.603,-79.684],[-12.651,-87.996],[-57.111,-87.996],[-67.665,-77.441],[-67.665,-10.554],[-57.111,0],[-12.651,0]],"c":true}]},{"i":{"x":0.45,"y":1},"o":{"x":0.55,"y":0},"t":20,"s":[{"i":[[0,4.749],[4.354,0],[0,0],[0,0],[0,0],[0,4.486],[4.354,0],[0,0],[0,0],[0,0],[0,4.486],[4.354,0],[0,0],[0,-5.805],[0,0],[-5.805,0],[0,0]],"o":[[0,-4.354],[0,0],[0,0],[0,0],[4.354,0],[0,-4.617],[0,0],[0,0],[0,0],[4.354,0],[0,-4.617],[0,0],[-5.805,0],[0,0],[0,5.805],[0,0],[4.354,0]],"v":[[71.397,-8.892],[63.349,-16.94],[27.069,-16.94],[27.069,-36.861],[62.425,-36.861],[70.473,-45.041],[62.425,-53.352],[27.069,-53.352],[27.069,-71.954],[63.349,-71.954],[71.397,-80.133],[63.349,-88.445],[18.889,-88.445],[8.335,-77.89],[8.335,-11.003],[18.889,-0.449],[63.349,-0.449]],"c":true}]},{"i":{"x":0.45,"y":1},"o":{"x":0.55,"y":0},"t":53,"s":[{"i":[[0,4.749],[4.354,0],[0,0],[0,0],[0,0],[0,4.486],[4.354,0],[0,0],[0,0],[0,0],[0,4.486],[4.354,0],[0,0],[0,-5.805],[0,0],[-5.805,0],[0,0]],"o":[[0,-4.354],[0,0],[0,0],[0,0],[4.354,0],[0,-4.617],[0,0],[0,0],[0,0],[4.354,0],[0,-4.617],[0,0],[-5.805,0],[0,0],[0,5.805],[0,0],[4.354,0]],"v":[[71.397,-8.892],[63.349,-16.94],[27.069,-16.94],[27.069,-36.861],[62.425,-36.861],[70.473,-45.041],[62.425,-53.352],[27.069,-53.352],[27.069,-71.954],[63.349,-71.954],[71.397,-80.133],[63.349,-88.445],[18.889,-88.445],[8.335,-77.89],[8.335,-11.003],[18.889,-0.449],[63.349,-0.449]],"c":true}]},{"t":75,"s":[{"i":[[0,4.749],[4.354,0],[0,0],[0,0],[0,0],[0,4.486],[4.354,0],[0,0],[0,0],[0,0],[0,4.486],[4.354,0],[0,0],[0,-5.805],[0,0],[-5.805,0],[0,0]],"o":[[0,-4.354],[0,0],[0,0],[0,0],[4.354,0],[0,-4.617],[0,0],[0,0],[0,0],[4.354,0],[0,-4.617],[0,0],[-5.805,0],[0,0],[0,5.805],[0,0],[4.354,0]],"v":[[-4.603,-8.443],[-12.651,-16.491],[-48.931,-16.491],[-48.931,-36.412],[-13.575,-36.412],[-5.527,-44.591],[-13.575,-52.903],[-48.931,-52.903],[-48.931,-71.505],[-12.651,-71.505],[-4.603,-79.684],[-12.651,-87.996],[-57.111,-87.996],[-67.665,-77.441],[-67.665,-10.554],[-57.111,0],[-12.651,0]],"c":true}]}],"ix":2},"nm":"E","mn":"ADBE Vector Shape - Group","hd":false},{"ty":"fl","c":{"a":0,"k":[0.203155637255,0.203155637255,0.203155637255,1],"ix":4},"o":{"a":0,"k":100,"ix":5},"r":1,"bm":0,"nm":"Fill 1","mn":"ADBE Vector Graphic - Fill","hd":false},{"ty":"tr","p":{"a":0,"k":[0,0],"ix":2},"a":{"a":0,"k":[0,0],"ix":1},"s":{"a":0,"k":[100,100],"ix":3},"r":{"a":0,"k":0,"ix":6},"o":{"a":0,"k":100,"ix":7},"sk":{"a":0,"k":0,"ix":4},"sa":{"a":0,"k":0,"ix":5},"nm":"Transform"}],"nm":"E","np":3,"cix":2,"bm":0,"ix":7,"mn":"ADBE Vector Group","hd":false}],"ip":0,"op":240,"st":0,"bm":0},{"ddd":0,"ind":6,"ty":0,"nm":"Leafs_A_2","refId":"comp_1","sr":1,"ks":{"o":{"a":0,"k":100,"ix":11},"r":{"a":0,"k":-7.533,"ix":10},"p":{"a":0,"k":[110,436,0],"ix":2},"a":{"a":0,"k":[1024,1024,0],"ix":1},"s":{"a":0,"k":[-81.152,81.152,100],"ix":6}},"ao":0,"ef":[{"ty":5,"nm":"Hue/Saturation","np":11,"mn":"ADBE HUE SATURATION","ix":1,"en":1,"ef":[{"ty":7,"nm":"Channel Control","mn":"ADBE HUE SATURATION-0002","ix":1,"v":{"a":0,"k":1,"ix":1}},{},{"ty":0,"nm":"Master Hue","mn":"ADBE HUE SATURATION-0004","ix":3,"v":{"a":0,"k":8,"ix":3}},{"ty":0,"nm":"Master Saturation","mn":"ADBE HUE SATURATION-0005","ix":4,"v":{"a":0,"k":0,"ix":4}},{"ty":0,"nm":"Master Lightness","mn":"ADBE HUE SATURATION-0006","ix":5,"v":{"a":0,"k":0,"ix":5}},{"ty":7,"nm":"Colorize","mn":"ADBE HUE SATURATION-0007","ix":6,"v":{"a":0,"k":0,"ix":6}},{"ty":0,"nm":"Colorize Hue","mn":"ADBE HUE SATURATION-0008","ix":7,"v":{"a":0,"k":0,"ix":7}},{"ty":0,"nm":"Colorize Saturation","mn":"ADBE HUE SATURATION-0009","ix":8,"v":{"a":0,"k":25,"ix":8}},{"ty":0,"nm":"Colorize Lightness","mn":"ADBE HUE SATURATION-0010","ix":9,"v":{"a":0,"k":0,"ix":9}}]}],"w":2048,"h":2048,"ip":-10,"op":230,"st":-10,"bm":0}],"markers":[]}